1	Blazegraph	COUNTED	    195	      	Result=10 	200		
2	Blazegraph	COUNTED	     40	      	Result=1 	200		
3	Blazegraph	COUNTED	    397	      	Result=312 	200		
4	Blazegraph	COUNTED	  18824	      	Result=10000000 	200		
5	Blazegraph	COUNTED	  15890	      	Result=10000000 	200		
6	Blazegraph	COUNTED	  15432	      	Result=10000000 	200		
7	Blazegraph	COUNTED	  15730	      	Result=10000000 	200		
8	Blazegraph	COUNTED	  16735	      	Result=10000000 	200		
9	Blazegraph	COUNTED	  13127	      	Result=10000000 	200		
10	Blazegraph	COUNTED	    391	      	Result=9171 	200		
11	Blazegraph	COUNTED	     54	      	Result=83 	200		
12	Blazegraph	COUNTED	    402	      	Result=16430 	200		
13	Blazegraph	COUNTED	   2600	      	Result=386551 	200		
14	Blazegraph	COUNTED	  25878	      	Result=3198711 	200		
15	Blazegraph	COUNTED	    869	      	Result=149791 	200		
16	Blazegraph	COUNTED	  21329	      	Result=10000000 	200		
17	Blazegraph	COUNTED	  13636	      	Result=100 	200		
18	Blazegraph	COUNTED	    386	      	Result=206204 	200		
19	Blazegraph	COUNTED	  16860	      	Result=10000000 	200		
20	Blazegraph	COUNTED	   3211	      	Result=137867 	200		
21	Blazegraph	COUNTED	    790	      	Result=53123 	200		
22	Blazegraph	COUNTED	    428	      	Result=53123 	200		
23	Blazegraph	COUNTED	    367	      	Result=4882 	200		
24	Blazegraph	COUNTED	  14385	      	Result=10000000 	200		
25	Blazegraph	COUNTED	  15608	      	Result=10000000 	200		
26	Blazegraph	COUNTED	    878	      	Result=10492 	200		
27	Blazegraph	COUNTED	  18817	      	Result=10000000 	200		
28	Blazegraph	COUNTED	  15376	      	Result=10000000 	200		
29	Blazegraph	COUNTED	   1043	      	Result=496175 	200		
30	Blazegraph	COUNTED	  12872	      	Result=10000000 	200		
31	Blazegraph	COUNTED	  13565	      	Result=10000000 	200		
32	Blazegraph	COUNTED	  13579	      	Result=10000000 	200		
33	Blazegraph	COUNTED	  14673	      	Result=10000000 	200		
34	Blazegraph	COUNTED	  14627	      	Result=10000000 	200		
35	Blazegraph	COUNTED	  71688	      	Result=0 	200		
36	Blazegraph	COUNTED	  18826	      	Result=10000000 	200		
37	Blazegraph	COUNTED	  21661	      	Result=10000000 	200		
38	Blazegraph	COUNTED	  19248	      	Result=10000000 	200		
39	Blazegraph	COUNTED	  20733	      	Result=10000000 	200		
40	Blazegraph	COUNTED	  20751	      	Result=10000000 	200		
41	Blazegraph	COUNTED	  22752	      	Result=10000000 	200		
42	Blazegraph	COUNTED	    150	      	Result=189 	200		
43	Blazegraph	COUNTED	  18928	      	Result=10000000 	200		
44	Blazegraph	COUNTED	  18484	      	Result=10000000 	200		
45	Blazegraph	COUNTED	  17987	      	Result=10000000 	200		
46	Blazegraph	COUNTED	  15130	      	Result=10000000 	200		
47	Blazegraph	COUNTED	  18070	      	Result=10000000 	200		
48	Blazegraph	COUNTED	  18700	      	Result=10000000 	200		
49	Blazegraph	COUNTED	  13153	      	Result=10000000 	200		
50	Blazegraph	COUNTED	  13576	      	Result=10000000 	200		
51	Blazegraph	COUNTED	  13549	      	Result=10000000 	200		
52	Blazegraph	COUNTED	    146	      	Result=377 	200		
53	Blazegraph	COUNTED	  21605	      	Result=10000000 	200		
54	Blazegraph	COUNTED	  14272	      	Result=10000000 	200		
55	Blazegraph	COUNTED	  14869	      	Result=10000000 	200		
56	Blazegraph	COUNTED	  14890	      	Result=10000000 	200		
57	Blazegraph	COUNTED	  15058	      	Result=10000000 	200		
58	Blazegraph	COUNTED	  15056	      	Result=10000000 	200		
59	Blazegraph	COUNTED	  28733	      	Result=10000000 	200		
60	Blazegraph	COUNTED	  22132	      	Result=10000000 	200		
61	Blazegraph	COUNTED	    105	      	Result=760 	200		
62	Blazegraph	COUNTED	  13766	      	Result=10000000 	200		
63	Blazegraph	COUNTED	  13364	      	Result=10000000 	200		
64	Blazegraph	COUNTED	  25181	      	None 	500	ERROR java.util.concurrent.ExecutionException: java.util.concurrent.ExecutionException: org.openrdf.query.QueryEvaluationException: java.lang.RuntimeException: java.util.concurrent.ExecutionException: java.lang.Exception: task=ChunkTask{query=b900d9db-9b81-4b16-a18d-32578d69fa70,bopId=17,partitionId=-1,sinkId=18,altSinkId=null}, cause=java.util.concurrent.ExecutionException: java.lang.RuntimeException: cause=com.bigdata.rwstore.sector.MemoryManagerOutOfMemory, state=HTreeHashJoinUtility{open=true,joinType=Normal,joinVars=[],outputDistinctJVs=false,size=10000000,considered(left=1,right=9113601,joins=9113601)}	
65	Blazegraph	COUNTED	  23901	      	Result=10000000 	200		
66	Blazegraph	COUNTED	  18382	      	Result=10000000 	200		
67	Blazegraph	COUNTED	  14498	      	Result=10000000 	200		
68	Blazegraph	COUNTED	  12952	      	Result=10000000 	200		
69	Blazegraph	COUNTED	  12872	      	Result=10000000 	200		
70	Blazegraph	COUNTED	  13379	      	Result=10000000 	200		
71	Blazegraph	COUNTED	  12877	      	Result=10000000 	200		
72	Blazegraph	COUNTED	  17695	      	Result=10000000 	200		
73	Blazegraph	COUNTED	  17751	      	Result=10000000 	200		
74	Blazegraph	COUNTED	   3356	      	Result=81286 	200		
75	Blazegraph	COUNTED	  18895	      	Result=10000000 	200		
76	Blazegraph	COUNTED	   1344	      	Result=332121 	200		
77	Blazegraph	COUNTED	   1142	      	Result=180816 	200		
78	Blazegraph	COUNTED	  20548	      	Result=10000000 	200		
79	Blazegraph	COUNTED	  14390	      	Result=10000000 	200		
80	Blazegraph	COUNTED	  14312	      	Result=10000000 	200		
81	Blazegraph	COUNTED	  17883	      	Result=10000000 	200		
82	Blazegraph	COUNTED	  13173	      	Result=10000000 	200		
83	Blazegraph	COUNTED	  21030	      	Result=10000000 	200		
84	Blazegraph	COUNTED	  13361	      	Result=10000000 	200		
85	Blazegraph	COUNTED	  12840	      	Result=10000000 	200		
86	Blazegraph	COUNTED	  12817	      	Result=10000000 	200		
87	Blazegraph	COUNTED	  13584	      	Result=10000000 	200		
88	Blazegraph	COUNTED	  12553	      	Result=10000000 	200		
89	Blazegraph	COUNTED	  15035	      	Result=10000000 	200		
90	Blazegraph	COUNTED	  14540	      	Result=10000000 	200		
91	Blazegraph	COUNTED	  14453	      	Result=10000000 	200		
92	Blazegraph	COUNTED	     40	      	Result=1 	200		
93	Blazegraph	COUNTED	  12868	      	Result=10000000 	200		
94	Blazegraph	COUNTED	  14905	      	Result=10000000 	200		
95	Blazegraph	COUNTED	  14910	      	Result=10000000 	200		
96	Blazegraph	COUNTED	  14768	      	Result=10000000 	200		
97	Blazegraph	COUNTED	  13525	      	Result=10000000 	200		
98	Blazegraph	COUNTED	  13532	      	Result=10000000 	200		
99	Blazegraph	COUNTED	     95	      	Result=963 	200		
100	Blazegraph	COUNTED	  13615	      	Result=10000000 	200		
101	Blazegraph	COUNTED	  19373	      	Result=10000000 	200		
102	Blazegraph	COUNTED	    505	      	Result=17491 	200		
103	Blazegraph	COUNTED	  13658	      	Result=10000000 	200		
104	Blazegraph	COUNTED	  14682	      	Result=10000000 	200		
105	Blazegraph	COUNTED	     59	      	Result=2 	200		
106	Blazegraph	COUNTED	  15311	      	Result=10000000 	200		
107	Blazegraph	COUNTED	  23965	      	Result=10000000 	200		
108	Blazegraph	COUNTED	  24067	      	Result=10000000 	200		
109	Blazegraph	COUNTED	  19863	      	Result=10000000 	200		
110	Blazegraph	COUNTED	    141	      	Result=4505 	200		
111	Blazegraph	COUNTED	  16237	      	Result=10000000 	200		
112	Blazegraph	COUNTED	  16670	      	Result=10000000 	200		
113	Blazegraph	COUNTED	  22255	      	Result=10000000 	200		
114	Blazegraph	COUNTED	  23856	      	None 	500	ERROR java.util.concurrent.ExecutionException: java.util.concurrent.ExecutionException: org.openrdf.query.QueryEvaluationException: java.lang.RuntimeException: java.util.concurrent.ExecutionException: java.lang.Exception: task=ChunkTask{query=3b3c7e57-15e7-420d-ae55-7166b8a7f9b2,bopId=17,partitionId=-1,sinkId=18,altSinkId=null}, cause=java.util.concurrent.ExecutionException: java.lang.RuntimeException: cause=com.bigdata.rwstore.sector.MemoryManagerOutOfMemory, state=HTreeHashJoinUtility{open=true,joinType=Normal,joinVars=[],outputDistinctJVs=false,size=10000000,considered(left=1,right=9306301,joins=9306301)}	
115	Blazegraph	COUNTED	  19556	      	Result=10000000 	200		
116	Blazegraph	COUNTED	  19099	      	Result=10000000 	200		
117	Blazegraph	COUNTED	  22376	      	None 	500	ERROR java.util.concurrent.ExecutionException: java.util.concurrent.ExecutionException: org.openrdf.query.QueryEvaluationException: java.lang.RuntimeException: java.util.concurrent.ExecutionException: java.lang.Exception: task=ChunkTask{query=267566bf-37f4-410e-bcec-99190ecdbc5d,bopId=19,partitionId=-1,sinkId=20,altSinkId=null}, cause=java.util.concurrent.ExecutionException: java.lang.RuntimeException: cause=com.bigdata.rwstore.sector.MemoryManagerOutOfMemory, state=HTreeHashJoinUtility{open=true,joinType=Normal,joinVars=[],outputDistinctJVs=false,size=10000000,considered(left=1,right=7522101,joins=7522101)}	
118	Blazegraph	COUNTED	  15448	      	None 	500	ERROR java.util.concurrent.ExecutionException: java.util.concurrent.ExecutionException: org.openrdf.query.QueryEvaluationException: java.lang.RuntimeException: java.util.concurrent.ExecutionException: java.lang.Exception: task=ChunkTask{query=8937c727-4f95-43ba-a54c-d408d0c8f61b,bopId=19,partitionId=-1,sinkId=20,altSinkId=null}, cause=java.util.concurrent.ExecutionException: java.lang.RuntimeException: cause=com.bigdata.rwstore.sector.MemoryManagerOutOfMemory, state=HTreeHashJoinUtility{open=true,joinType=Normal,joinVars=[],outputDistinctJVs=false,size=10000000,considered(left=1,right=4089601,joins=4089601)}	
119	Blazegraph	COUNTED	    106	      	Result=123 	200		
120	Blazegraph	COUNTED	  15986	      	Result=10000000 	200		
121	Blazegraph	COUNTED	  12576	      	Result=10000000 	200		
122	Blazegraph	COUNTED	   6592	      	Result=902179 	200		
123	Blazegraph	COUNTED	   4682	      	Result=1918176 	200		
124	Blazegraph	COUNTED	  12395	      	Result=10000000 	200		
125	Blazegraph	COUNTED	  18193	      	Result=10000000 	200		
126	Blazegraph	COUNTED	   2976	      	Result=414051 	200		
127	Blazegraph	COUNTED	  14195	      	Result=10000000 	200		
128	Blazegraph	COUNTED	  12549	      	Result=10000000 	200		
129	Blazegraph	COUNTED	  18817	      	Result=10000000 	200		
130	Blazegraph	COUNTED	    309	      	Result=6776 	200		
131	Blazegraph	COUNTED	     37	      	Result=0 	200		
132	Blazegraph	COUNTED	  15117	      	Result=10000000 	200		
133	Blazegraph	COUNTED	  16342	      	Result=10000000 	200		
134	Blazegraph	COUNTED	     79	      	Result=968 	200		
135	Blazegraph	COUNTED	   2733	      	Result=366494 	200		
136	Blazegraph	COUNTED	   1542	      	Result=349436 	200		
137	Blazegraph	COUNTED	 142344	      	Result=10000000 	200		
138	Blazegraph	COUNTED	 110160	      	Result=10000000 	200		
139	Blazegraph	COUNTED	 600030	      	None 	500	ERROR java.util.concurrent.TimeoutException	
140	Blazegraph	COUNTED	   2485	      	Result=895838 	200		
141	Blazegraph	COUNTED	  15958	      	Result=10000000 	200		
142	Blazegraph	COUNTED	  20878	      	Result=10000000 	200		
143	Blazegraph	COUNTED	  27502	      	Result=5346877 	200		
144	Blazegraph	COUNTED	  22975	      	Result=5453899 	200		
145	Blazegraph	COUNTED	  45636	      	Result=9750859 	200		
146	Blazegraph	COUNTED	  25164	      	Result=7541858 	200		
147	Blazegraph	COUNTED	  38835	      	Result=10000000 	200		
148	Blazegraph	COUNTED	  31575	      	Result=6073693 	200		
149	Blazegraph	COUNTED	  31010	      	Result=10000000 	200		
150	Blazegraph	COUNTED	  16244	      	Result=10000000 	200		
151	Blazegraph	COUNTED	  24068	      	Result=10000000 	200		
152	Blazegraph	COUNTED	  21698	      	Result=10000000 	200		
153	Blazegraph	COUNTED	  19070	      	Result=10000000 	200		
154	Blazegraph	COUNTED	  21574	      	Result=10000000 	200		
155	Blazegraph	COUNTED	  15148	      	Result=10000000 	200		
156	Blazegraph	COUNTED	   2299	      	Result=934054 	200		
157	Blazegraph	COUNTED	  15216	      	Result=10000000 	200		
158	Blazegraph	COUNTED	  15211	      	Result=10000000 	200		
159	Blazegraph	COUNTED	  14571	      	Result=10000000 	200		
160	Blazegraph	COUNTED	  14853	      	Result=10000000 	200		
161	Blazegraph	COUNTED	  14692	      	Result=10000000 	200		
162	Blazegraph	COUNTED	     82	      	Result=33 	200		
163	Blazegraph	COUNTED	  24502	      	Result=10000000 	200		
164	Blazegraph	COUNTED	     94	      	Result=5919 	200		
165	Blazegraph	COUNTED	     95	      	Result=56 	200		
166	Blazegraph	COUNTED	     75	      	Result=7415 	200		
167	Blazegraph	COUNTED	  53824	      	Result=6440 	200		
168	Blazegraph	COUNTED	  55906	      	Result=10000000 	200		
169	Blazegraph	COUNTED	     63	      	Result=1290 	200		
170	Blazegraph	COUNTED	     76	      	Result=6996 	200		
171	Blazegraph	COUNTED	 174484	      	Result=0 	200		
172	Blazegraph	COUNTED	  14485	      	Result=10000000 	200		
173	Blazegraph	COUNTED	   5329	      	Result=3193808 	200		
174	Blazegraph	COUNTED	  14938	      	Result=10000000 	200		
175	Blazegraph	COUNTED	  13349	      	Result=10000000 	200		
176	Blazegraph	COUNTED	  14370	      	Result=10000000 	200		
177	Blazegraph	COUNTED	   1800	      	Result=862344 	200		
178	Blazegraph	COUNTED	  13928	      	Result=10000000 	200		
179	Blazegraph	COUNTED	  29047	      	Result=10000000 	200		
180	Blazegraph	COUNTED	    181	      	Result=63001 	200		
181	Blazegraph	COUNTED	   2404	      	Result=714864 	200		
182	Blazegraph	COUNTED	     46	      	Result=2415 	200		
183	Blazegraph	COUNTED	  58173	      	Result=0 	200		
184	Blazegraph	COUNTED	  20914	      	Result=10000000 	200		
185	Blazegraph	COUNTED	  18662	      	Result=10000000 	200		
186	Blazegraph	COUNTED	    140	      	Result=9538 	200		
187	Blazegraph	COUNTED	    181	      	Result=49920 	200		
188	Blazegraph	COUNTED	  11273	      	Result=7076760 	200		
189	Blazegraph	COUNTED	  14889	      	Result=10000000 	200		
190	Blazegraph	COUNTED	     36	      	Result=0 	200		
191	Blazegraph	COUNTED	  23944	      	Result=10000000 	200		
192	Blazegraph	COUNTED	  20058	      	Result=10000000 	200		
193	Blazegraph	COUNTED	  13352	      	Result=10000000 	200		
194	Blazegraph	COUNTED	  22295	      	Result=10000000 	200		
195	Blazegraph	COUNTED	     99	      	Result=16 	200		
196	Blazegraph	COUNTED	  13079	      	Result=10000000 	200		
197	Blazegraph	COUNTED	  16312	      	Result=10000000 	200		
198	Blazegraph	COUNTED	  13240	      	Result=10000000 	200		
199	Blazegraph	COUNTED	     47	      	Result=3 	200		
200	Blazegraph	COUNTED	   4803	      	Result=3802432 	200		
201	Blazegraph	COUNTED	  17219	      	Result=10000000 	200		
202	Blazegraph	COUNTED	     71	      	Result=1 	200		
203	Blazegraph	COUNTED	    962	      	Result=556990 	200		
204	Blazegraph	COUNTED	     35	      	Result=0 	200		
205	Blazegraph	COUNTED	  14772	      	Result=10000000 	200		
206	Blazegraph	COUNTED	  13354	      	Result=10000000 	200		
207	Blazegraph	COUNTED	   2535	      	Result=2060346 	200		
208	Blazegraph	COUNTED	     54	      	Result=64 	200		
209	Blazegraph	COUNTED	  36646	      	Result=0 	200		
210	Blazegraph	COUNTED	   1877	      	Result=17859 	200		
211	Blazegraph	COUNTED	  16305	      	Result=10000000 	200		
212	Blazegraph	COUNTED	   1843	      	Result=91383 	200		
213	Blazegraph	COUNTED	  17094	      	Result=10000000 	200		
214	Blazegraph	COUNTED	  17702	      	Result=10000000 	200		
215	Blazegraph	COUNTED	  16750	      	Result=10000000 	200		
216	Blazegraph	COUNTED	    844	      	Result=583 	200		
217	Blazegraph	COUNTED	    139	      	Result=34156 	200		
218	Blazegraph	COUNTED	  14823	      	Result=10000000 	200		
219	Blazegraph	COUNTED	  15672	      	Result=10000000 	200		
220	Blazegraph	COUNTED	  14803	      	Result=10000000 	200		
221	Blazegraph	COUNTED	  14242	      	Result=10000000 	200		
222	Blazegraph	COUNTED	  16005	      	Result=10000000 	200		
223	Blazegraph	COUNTED	  15422	      	Result=10000000 	200		
224	Blazegraph	COUNTED	  18377	      	Result=10000000 	200		
225	Blazegraph	COUNTED	  15633	      	Result=10000000 	200		
226	Blazegraph	COUNTED	  17273	      	Result=10000000 	200		
227	Blazegraph	COUNTED	  18320	      	Result=10000000 	200		
228	Blazegraph	COUNTED	     86	      	Result=4210 	200		
229	Blazegraph	COUNTED	  13034	      	Result=10000000 	200		
230	Blazegraph	COUNTED	  15408	      	Result=10000000 	200		
231	Blazegraph	COUNTED	  12689	      	Result=10000000 	200		
232	Blazegraph	COUNTED	  17375	      	Result=10000000 	200		
233	Blazegraph	COUNTED	  19593	      	Result=10000000 	200		
234	Blazegraph	COUNTED	  14121	      	Result=10000000 	200		
235	Blazegraph	COUNTED	  12998	      	Result=10000000 	200		
236	Blazegraph	COUNTED	  13456	      	Result=10000000 	200		
237	Blazegraph	COUNTED	  21471	      	Result=10000000 	200		
238	Blazegraph	COUNTED	    619	      	Result=67722 	200		
239	Blazegraph	COUNTED	  15581	      	Result=10000000 	200		
240	Blazegraph	COUNTED	  13994	      	Result=10000000 	200		
241	Blazegraph	COUNTED	  22269	      	Result=10000000 	200		
242	Blazegraph	COUNTED	  24582	      	Result=10000000 	200		
243	Blazegraph	COUNTED	  15431	      	Result=10000000 	200		
244	Blazegraph	COUNTED	  22273	      	Result=10000000 	200		
245	Blazegraph	COUNTED	  14324	      	Result=10000000 	200		
246	Blazegraph	COUNTED	  15482	      	Result=10000000 	200		
247	Blazegraph	COUNTED	  13692	      	Result=10000000 	200		
248	Blazegraph	COUNTED	  16525	      	Result=10000000 	200		
249	Blazegraph	COUNTED	  15318	      	Result=10000000 	200		
250	Blazegraph	COUNTED	  16530	      	Result=10000000 	200		
251	Blazegraph	COUNTED	  14928	      	Result=10000000 	200		
252	Blazegraph	COUNTED	  13151	      	Result=10000000 	200		
253	Blazegraph	COUNTED	    741	      	Result=28336 	200		
254	Blazegraph	COUNTED	  20042	      	Result=10000000 	200		
255	Blazegraph	COUNTED	  60918	      	Result=10000000 	200		
256	Blazegraph	COUNTED	  77881	      	Result=10000000 	200		
257	Blazegraph	COUNTED	  15217	      	Result=10000000 	200		
258	Blazegraph	COUNTED	  16074	      	Result=10000000 	200		
259	Blazegraph	COUNTED	  14958	      	Result=10000000 	200		
260	Blazegraph	COUNTED	  14943	      	Result=10000000 	200		
261	Blazegraph	COUNTED	   4204	      	Result=2469431 	200		
262	Blazegraph	COUNTED	   3404	      	Result=1804484 	200		
263	Blazegraph	COUNTED	  13336	      	Result=10000000 	200		
264	Blazegraph	COUNTED	     82	      	Result=2965 	200		
265	Blazegraph	COUNTED	  16071	      	Result=10000000 	200		
266	Blazegraph	COUNTED	  16382	      	Result=10000000 	200		
267	Blazegraph	COUNTED	  14144	      	Result=10000000 	200		
268	Blazegraph	COUNTED	  15372	      	Result=10000000 	200		
269	Blazegraph	COUNTED	  17028	      	Result=10000000 	200		
270	Blazegraph	COUNTED	  12585	      	Result=10000000 	200		
271	Blazegraph	COUNTED	  14429	      	Result=10000000 	200		
272	Blazegraph	COUNTED	 600019	      	None 	500	ERROR java.util.concurrent.TimeoutException	
273	Blazegraph	COUNTED	 600026	      	None 	500	ERROR java.util.concurrent.TimeoutException	
274	Blazegraph	COUNTED	  19375	      	Result=10000000 	200		
275	Blazegraph	COUNTED	  19371	      	Result=10000000 	200		
276	Blazegraph	COUNTED	     60	      	Result=0 	200		
277	Blazegraph	COUNTED	  17580	      	Result=10000000 	200		
278	Blazegraph	COUNTED	  18745	      	Result=10000000 	200		
279	Blazegraph	COUNTED	  19299	      	Result=10000000 	200		
280	Blazegraph	COUNTED	     72	      	Result=3580 	200		
281	Blazegraph	COUNTED	  23040	      	Result=10000000 	200		
282	Blazegraph	COUNTED	   4783	      	Result=1480741 	200		
283	Blazegraph	COUNTED	   2908	      	Result=1125105 	200		
284	Blazegraph	COUNTED	  30632	      	Result=10000000 	200		
285	Blazegraph	COUNTED	  20225	      	Result=10000000 	200		
286	Blazegraph	COUNTED	     69	      	Result=599 	200		
287	Blazegraph	COUNTED	     40	      	Result=0 	200		
288	Blazegraph	COUNTED	  23792	      	Result=8316126 	200		
289	Blazegraph	COUNTED	   9592	      	Result=1545100 	200		
290	Blazegraph	COUNTED	  17788	      	Result=10000000 	200		
291	Blazegraph	COUNTED	  17537	      	Result=10000000 	200		
292	Blazegraph	COUNTED	  21856	      	Result=10000000 	200		
293	Blazegraph	COUNTED	  22187	      	Result=10000000 	200		
294	Blazegraph	COUNTED	     88	      	Result=1154 	200		
295	Blazegraph	COUNTED	     65	      	Result=1798 	200		
296	Blazegraph	COUNTED	  15595	      	Result=10000000 	200		
297	Blazegraph	COUNTED	  27343	      	Result=10000000 	200		
298	Blazegraph	COUNTED	     56	      	Result=24 	200		
299	Blazegraph	COUNTED	  24319	      	Result=3887001 	200		
300	Blazegraph	COUNTED	    267	      	Result=3082 	200		
301	Blazegraph	COUNTED	  17643	      	Result=10000000 	200		
302	Blazegraph	COUNTED	     72	      	Result=34 	200		
303	Blazegraph	COUNTED	  67197	      	Result=331971 	200		
304	Blazegraph	COUNTED	  20943	      	Result=10000000 	200		
305	Blazegraph	COUNTED	     39	      	Result=358 	200		
306	Blazegraph	COUNTED	  17974	      	Result=10000000 	200		
307	Blazegraph	COUNTED	  24293	      	Result=10000000 	200		
308	Blazegraph	COUNTED	     97	      	Result=146 	200		
309	Blazegraph	COUNTED	 157381	      	Result=10000000 	200		
310	Blazegraph	COUNTED	  15651	      	Result=10000000 	200		
311	Blazegraph	COUNTED	  15533	      	Result=10000000 	200		
312	Blazegraph	COUNTED	  15176	      	Result=10000000 	200		
313	Blazegraph	COUNTED	  19298	      	Result=10000000 	200		
314	Blazegraph	COUNTED	     95	      	Result=159 	200		
315	Blazegraph	COUNTED	  15069	      	Result=10000000 	200		
316	Blazegraph	COUNTED	    127	      	Result=296 	200		
317	Blazegraph	COUNTED	  16561	      	Result=10000000 	200		
318	Blazegraph	COUNTED	    231	      	Result=3291 	200		
319	Blazegraph	COUNTED	     41	      	Result=21 	200		
320	Blazegraph	COUNTED	  12519	      	Result=10000000 	200		
321	Blazegraph	COUNTED	  14267	      	Result=10000000 	200		
322	Blazegraph	COUNTED	  12965	      	Result=10000000 	200		
323	Blazegraph	COUNTED	     56	      	Result=112 	200		
324	Blazegraph	COUNTED	    185	      	Result=484 	200		
325	Blazegraph	COUNTED	  13416	      	Result=10000000 	200		
326	Blazegraph	COUNTED	   1238	      	Result=10187 	200		
327	Blazegraph	COUNTED	  16560	      	Result=10000000 	200		
328	Blazegraph	COUNTED	    223	      	Result=566 	200		
329	Blazegraph	COUNTED	  13040	      	Result=10000000 	200		
330	Blazegraph	COUNTED	  12916	      	Result=10000000 	200		
331	Blazegraph	COUNTED	  14996	      	Result=10000000 	200		
332	Blazegraph	COUNTED	  22862	      	Result=10000000 	200		
333	Blazegraph	COUNTED	  18632	      	Result=10000000 	200		
334	Blazegraph	COUNTED	    110	      	Result=688 	200		
335	Blazegraph	COUNTED	  13522	      	Result=10000000 	200		
336	Blazegraph	COUNTED	    217	      	Result=5724 	200		
337	Blazegraph	COUNTED	  14943	      	Result=10000000 	200		
338	Blazegraph	COUNTED	   1238	      	Result=656064 	200		
339	Blazegraph	COUNTED	    513	      	Result=51283 	200		
340	Blazegraph	COUNTED	  18035	      	Result=10000000 	200		
341	Blazegraph	COUNTED	  13432	      	Result=10000000 	200		
342	Blazegraph	COUNTED	  12926	      	Result=10000000 	200		
343	Blazegraph	COUNTED	    705	      	Result=164512 	200		
344	Blazegraph	COUNTED	    104	      	Result=12933 	200		
345	Blazegraph	COUNTED	     89	      	Result=8903 	200		
346	Blazegraph	COUNTED	  34041	      	Result=80 	200		
347	Blazegraph	COUNTED	  33927	      	Result=1 	200		
348	Blazegraph	COUNTED	    139	      	Result=10073 	200		
349	Blazegraph	COUNTED	  35423	      	Result=10000000 	200		
350	Blazegraph	COUNTED	     45	      	Result=458 	200		
351	Blazegraph	COUNTED	  44108	      	Result=10000000 	200		
352	Blazegraph	COUNTED	  16611	      	Result=10000000 	200		
353	Blazegraph	COUNTED	  36907	      	Result=20357 	200		
354	Blazegraph	COUNTED	  34190	      	Result=12661 	200		
355	Blazegraph	COUNTED	  35414	      	Result=535814 	200		
356	Blazegraph	COUNTED	  34140	      	Result=8529 	200		
357	Blazegraph	COUNTED	  36033	      	Result=3403 	200		
358	Blazegraph	COUNTED	     60	      	Result=0 	200		
359	Blazegraph	COUNTED	  17476	      	Result=10000000 	200		
360	Blazegraph	COUNTED	  34451	      	Result=14 	200		
361	Blazegraph	COUNTED	  17158	      	Result=10000000 	200		
362	Blazegraph	COUNTED	     53	      	Result=0 	200		
363	Blazegraph	COUNTED	  16996	      	Result=10000000 	200		
364	Blazegraph	COUNTED	  14979	      	Result=10000000 	200		
365	Blazegraph	COUNTED	  15007	      	Result=10000000 	200		
366	Blazegraph	COUNTED	  14784	      	Result=10000000 	200		
367	Blazegraph	COUNTED	     76	      	Result=6112 	200		
368	Blazegraph	COUNTED	  15201	      	Result=10000000 	200		
369	Blazegraph	COUNTED	  15578	      	Result=10000000 	200		
370	Blazegraph	COUNTED	  17854	      	Result=10000000 	200		
371	Blazegraph	COUNTED	   1030	      	Result=547389 	200		
372	Blazegraph	COUNTED	  14294	      	Result=10000000 	200		
373	Blazegraph	COUNTED	     50	      	Result=29 	200		
374	Blazegraph	COUNTED	  21560	      	Result=10000000 	200		
375	Blazegraph	COUNTED	  18815	      	Result=10000000 	200		
376	Blazegraph	COUNTED	     66	      	Result=190 	200		
377	Blazegraph	COUNTED	  26096	      	None 	500	ERROR java.util.concurrent.ExecutionException: java.util.concurrent.ExecutionException: org.openrdf.query.QueryEvaluationException: java.lang.RuntimeException: java.util.concurrent.ExecutionException: java.lang.Exception: task=ChunkTask{query=d72ff03b-cfc2-4979-8340-85a07a60a0d1,bopId=17,partitionId=-1,sinkId=18,altSinkId=null}, cause=java.util.concurrent.ExecutionException: java.lang.RuntimeException: cause=com.bigdata.rwstore.sector.MemoryManagerOutOfMemory, state=HTreeHashJoinUtility{open=true,joinType=Normal,joinVars=[],outputDistinctJVs=false,size=10000000,considered(left=1,right=9807601,joins=9807601)}	
378	Blazegraph	COUNTED	  18905	      	None 	500	ERROR java.util.concurrent.ExecutionException: java.util.concurrent.ExecutionException: org.openrdf.query.QueryEvaluationException: java.lang.RuntimeException: java.util.concurrent.ExecutionException: java.lang.Exception: task=ChunkTask{query=7c76446d-e8e4-4fa7-94e9-2938839831b0,bopId=21,partitionId=-1,sinkId=22,altSinkId=null}, cause=java.util.concurrent.ExecutionException: java.lang.RuntimeException: cause=com.bigdata.rwstore.sector.MemoryManagerOutOfMemory, state=HTreeHashJoinUtility{open=true,joinType=Normal,joinVars=[],outputDistinctJVs=false,size=10000000,considered(left=1,right=5432801,joins=5432801)}	
379	Blazegraph	COUNTED	   5661	      	Result=525580 	200		
380	Blazegraph	COUNTED	     36	      	Result=50 	200		
381	Blazegraph	COUNTED	    606	      	Result=17440 	200		
382	Blazegraph	COUNTED	     42	      	Result=83 	200		
383	Blazegraph	COUNTED	    890	      	Result=131965 	200		
384	Blazegraph	COUNTED	    718	      	Result=131965 	200		
385	Blazegraph	COUNTED	  19977	      	Result=1262332 	200		
386	Blazegraph	COUNTED	  19832	      	Result=1221275 	200		
387	Blazegraph	COUNTED	  20686	      	Result=10000000 	200		
388	Blazegraph	COUNTED	     32	      	Result=171 	200		
389	Blazegraph	COUNTED	     29	      	Result=171 	200		
390	Blazegraph	COUNTED	     19	      	Result=171 	200		
391	Blazegraph	COUNTED	  28324	      	Result=6138516 	200		
392	Blazegraph	COUNTED	  29866	      	Result=6138516 	200		
393	Blazegraph	COUNTED	     74	      	Result=208 	200		
394	Blazegraph	COUNTED	  18915	      	Result=1225226 	200		
395	Blazegraph	COUNTED	  22089	      	Result=2496932 	200		
396	Blazegraph	COUNTED	  22221	      	Result=1327728 	200		
397	Blazegraph	COUNTED	  15097	      	Result=10000000 	200		
398	Blazegraph	COUNTED	  15554	      	Result=10000000 	200		
399	Blazegraph	COUNTED	  20672	      	Result=10000000 	200		
400	Blazegraph	COUNTED	  15297	      	Result=10000000 	200		
401	Blazegraph	COUNTED	  15457	      	Result=10000000 	200		
402	Blazegraph	COUNTED	  15132	      	Result=10000000 	200		
403	Blazegraph	COUNTED	  14823	      	Result=10000000 	200		
404	Blazegraph	COUNTED	  14641	      	Result=10000000 	200		
405	Blazegraph	COUNTED	  14791	      	Result=10000000 	200		
406	Blazegraph	COUNTED	  14484	      	Result=10000000 	200		
407	Blazegraph	COUNTED	  16523	      	Result=10000000 	200		
408	Blazegraph	COUNTED	  17424	      	Result=10000000 	200		
409	Blazegraph	COUNTED	     58	      	Result=0 	200		
410	Blazegraph	COUNTED	  15138	      	Result=10000000 	200		
411	Blazegraph	COUNTED	  14414	      	Result=10000000 	200		
412	Blazegraph	COUNTED	  14980	      	Result=10000000 	200		
413	Blazegraph	COUNTED	   7520	      	Result=5481102 	200		
414	Blazegraph	COUNTED	  15604	      	Result=10000000 	200		
415	Blazegraph	COUNTED	  16800	      	Result=10000000 	200		
416	Blazegraph	COUNTED	  13587	      	Result=10000000 	200		
417	Blazegraph	COUNTED	  14964	      	Result=10000000 	200		
418	Blazegraph	COUNTED	  15555	      	Result=10000000 	200		
419	Blazegraph	COUNTED	  13242	      	Result=10000000 	200		
420	Blazegraph	COUNTED	  14783	      	Result=10000000 	200		
421	Blazegraph	COUNTED	  15027	      	Result=10000000 	200		
422	Blazegraph	COUNTED	  18476	      	Result=10000000 	200		
423	Blazegraph	COUNTED	   4877	      	Result=165094 	200		
424	Blazegraph	COUNTED	   9640	      	Result=1384918 	200		
425	Blazegraph	COUNTED	  10433	      	Result=1378728 	200		
426	Blazegraph	COUNTED	  21754	      	Result=10000000 	200		
427	Blazegraph	COUNTED	     88	      	Result=426 	200		
428	Blazegraph	COUNTED	  21749	      	Result=10000000 	200		
429	Blazegraph	COUNTED	  20934	      	Result=10000000 	200		
430	Blazegraph	COUNTED	  20549	      	Result=10000000 	200		
431	Blazegraph	COUNTED	   2497	      	Result=304754 	200		
432	Blazegraph	COUNTED	  23447	      	Result=10000000 	200		
433	Blazegraph	COUNTED	  20161	      	Result=10000000 	200		
434	Blazegraph	COUNTED	  18215	      	Result=2207025 	200		
435	Blazegraph	COUNTED	  18552	      	Result=3548020 	200		
436	Blazegraph	COUNTED	  18306	      	Result=10000000 	200		
437	Blazegraph	COUNTED	    259	      	Result=6207 	200		
438	Blazegraph	COUNTED	     48	      	Result=0 	200		
439	Blazegraph	COUNTED	   6789	      	Result=3554374 	200		
440	Blazegraph	COUNTED	  18640	      	Result=10000000 	200		
441	Blazegraph	COUNTED	  19930	      	Result=10000000 	200		
442	Blazegraph	COUNTED	  20066	      	Result=10000000 	200		
443	Blazegraph	COUNTED	  15510	      	Result=10000000 	200		
444	Blazegraph	COUNTED	  16587	      	Result=10000000 	200		
445	Blazegraph	COUNTED	  23208	      	Result=10000000 	200		
446	Blazegraph	COUNTED	   7586	      	Result=1657131 	200		
447	Blazegraph	COUNTED	   7329	      	Result=1580710 	200		
448	Blazegraph	COUNTED	  23157	      	Result=10000000 	200		
449	Blazegraph	COUNTED	  17055	      	Result=10000000 	200		
450	Blazegraph	COUNTED	    405	      	Result=19393 	200		
451	Blazegraph	COUNTED	   1976	      	Result=151652 	200		
452	Blazegraph	COUNTED	  17208	      	Result=10000000 	200		
453	Blazegraph	COUNTED	  14409	      	Result=10000000 	200		
454	Blazegraph	COUNTED	  20263	      	Result=10000000 	200		
455	Blazegraph	COUNTED	   8459	      	Result=2409863 	200		
456	Blazegraph	COUNTED	   8020	      	Result=1455796 	200		
457	Blazegraph	COUNTED	     79	      	Result=1166 	200		
458	Blazegraph	COUNTED	     46	      	Result=227 	200		
459	Blazegraph	COUNTED	  14908	      	Result=10000000 	200		
460	Blazegraph	COUNTED	  14637	      	Result=10000000 	200		
461	Blazegraph	COUNTED	  13241	      	Result=10000000 	200		
462	Blazegraph	COUNTED	  13332	      	Result=10000000 	200		
463	Blazegraph	COUNTED	  13700	      	Result=10000000 	200		
464	Blazegraph	COUNTED	   2122	      	Result=447581 	200		
465	Blazegraph	COUNTED	   2173	      	Result=443846 	200		
466	Blazegraph	COUNTED	  24380	      	Result=5368201 	200		
467	Blazegraph	COUNTED	  13392	      	Result=10000000 	200		
468	Blazegraph	COUNTED	  29304	      	Result=4597891 	200		
469	Blazegraph	COUNTED	  35591	      	Result=9544978 	200		
470	Blazegraph	COUNTED	     50	      	Result=132 	200		
471	Blazegraph	COUNTED	  14377	      	Result=10000000 	200		
472	Blazegraph	COUNTED	  15439	      	Result=10000000 	200		
473	Blazegraph	COUNTED	   9293	      	Result=34 	200		
474	Blazegraph	COUNTED	     53	      	Result=7 	200		
475	Blazegraph	COUNTED	  15314	      	Result=10000000 	200		
476	Blazegraph	COUNTED	     95	      	Result=7253 	200		
477	Blazegraph	COUNTED	     27	      	Result=1581 	200		
478	Blazegraph	COUNTED	     79	      	Result=1397 	200		
479	Blazegraph	COUNTED	     29	      	Result=0 	200		
480	Blazegraph	COUNTED	     26	      	Result=0 	200		
481	Blazegraph	COUNTED	  18771	      	Result=10000000 	200		
482	Blazegraph	COUNTED	  15968	      	Result=10000000 	200		
483	Blazegraph	COUNTED	  15050	      	Result=10000000 	200		
484	Blazegraph	COUNTED	     54	      	Result=0 	200		
485	Blazegraph	COUNTED	     38	      	Result=73 	200		
486	Blazegraph	COUNTED	     91	      	Result=3127 	200		
487	Blazegraph	COUNTED	  22020	      	Result=10000000 	200		
488	Blazegraph	COUNTED	     46	      	Result=0 	200		
489	Blazegraph	COUNTED	  16049	      	Result=8897539 	200		
490	Blazegraph	COUNTED	  13206	      	Result=10000000 	200		
491	Blazegraph	COUNTED	     58	      	Result=0 	200		
492	Blazegraph	COUNTED	  14967	      	Result=10000000 	200		
493	Blazegraph	COUNTED	  13540	      	Result=10000000 	200		
494	Blazegraph	COUNTED	   3364	      	Result=1031613 	200		
495	Blazegraph	COUNTED	  15191	      	Result=10000000 	200		
496	Blazegraph	COUNTED	   3819	      	Result=1376623 	200		
497	Blazegraph	COUNTED	  16680	      	Result=10000000 	200		
498	Blazegraph	COUNTED	  16889	      	Result=10000000 	200		
499	Blazegraph	COUNTED	   1289	      	Result=346683 	200		
500	Blazegraph	COUNTED	  13737	      	Result=10000000 	200		
501	Blazegraph	COUNTED	   1235	      	Result=303080 	200		
502	Blazegraph	COUNTED	    184	      	Result=30602 	200		
503	Blazegraph	COUNTED	  15745	      	Result=10000000 	200		
504	Blazegraph	COUNTED	    692	      	Result=154242 	200		
505	Blazegraph	COUNTED	   2292	      	Result=585796 	200		
506	Blazegraph	COUNTED	     95	      	Result=164 	200		
507	Blazegraph	COUNTED	  12663	      	Result=10000000 	200		
508	Blazegraph	COUNTED	  13863	      	Result=10000000 	200		
509	Blazegraph	COUNTED	  13554	      	Result=10000000 	200		
510	Blazegraph	COUNTED	  13068	      	Result=10000000 	200		
511	Blazegraph	COUNTED	  15693	      	Result=10000000 	200		
512	Blazegraph	COUNTED	  28315	      	Result=6416919 	200		
513	Blazegraph	COUNTED	  21844	      	Result=5345779 	200		
514	Blazegraph	COUNTED	  25318	      	Result=3134453 	200		
515	Blazegraph	COUNTED	    860	      	Result=46426 	200		
516	Blazegraph	COUNTED	    271	      	Result=90628 	200		
517	Blazegraph	COUNTED	   3763	      	Result=1450048 	200		
518	Blazegraph	COUNTED	 124258	      	Result=10000000 	200		
519	Blazegraph	COUNTED	     33	      	Result=187 	200		
520	Blazegraph	COUNTED	  61135	      	Result=10000000 	200		
521	Blazegraph	COUNTED	  18525	      	Result=10000000 	200		
522	Blazegraph	COUNTED	  13137	      	Result=10000000 	200		
523	Blazegraph	COUNTED	     44	      	Result=0 	200		
524	Blazegraph	COUNTED	     62	      	Result=322 	200		
525	Blazegraph	COUNTED	   1234	      	Result=222902 	200		
526	Blazegraph	COUNTED	     73	      	Result=1321 	200		
527	Blazegraph	COUNTED	   1284	      	Result=301188 	200		
528	Blazegraph	COUNTED	    994	      	Result=326459 	200		
529	Blazegraph	COUNTED	     44	      	Result=40 	200		
530	Blazegraph	COUNTED	   1143	      	Result=260359 	200		
531	Blazegraph	COUNTED	    934	      	Result=151100 	200		
532	Blazegraph	COUNTED	  13870	      	Result=10000000 	200		
533	Blazegraph	COUNTED	   3755	      	Result=279318 	200		
534	Blazegraph	COUNTED	  18045	      	Result=10000000 	200		
535	Blazegraph	COUNTED	  16382	      	Result=10000000 	200		
536	Blazegraph	COUNTED	     63	      	Result=2 	200		
537	Blazegraph	COUNTED	  16518	      	Result=10000000 	200		
538	Blazegraph	COUNTED	  15751	      	Result=10000000 	200		
539	Blazegraph	COUNTED	  16886	      	Result=10000000 	200		
540	Blazegraph	COUNTED	     60	      	Result=24392 	200		
541	Blazegraph	COUNTED	  15191	      	Result=10000000 	200		
542	Blazegraph	COUNTED	  13860	      	Result=10000000 	200		
543	Blazegraph	COUNTED	  13575	      	Result=10000000 	200		
544	Blazegraph	COUNTED	  14047	      	Result=10000000 	200		
545	Blazegraph	COUNTED	  30144	      	Result=10000000 	200		
546	Blazegraph	COUNTED	  48040	      	Result=10000000 	200		
547	Blazegraph	COUNTED	  52470	      	Result=10000000 	200		
548	Blazegraph	COUNTED	  50844	      	Result=10000000 	200		
549	Blazegraph	COUNTED	     39	      	Result=0 	200		
550	Blazegraph	COUNTED	     38	      	Result=0 	200		
551	Blazegraph	COUNTED	     42	      	Result=76 	200		
552	Blazegraph	COUNTED	     39	      	Result=0 	200		
553	Blazegraph	COUNTED	  15501	      	Result=10000000 	200		
554	Blazegraph	COUNTED	  13474	      	Result=10000000 	200		
555	Blazegraph	COUNTED	     72	      	Result=1186 	200		
556	Blazegraph	COUNTED	  16655	      	Result=10000000 	200		
557	Blazegraph	COUNTED	  16119	      	Result=10000000 	200		
558	Blazegraph	COUNTED	     67	      	Result=264 	200		
559	Blazegraph	COUNTED	     20	      	Result=100 	200		
560	Blazegraph	COUNTED	    152	      	Result=11410 	200		
561	Blazegraph	COUNTED	  16792	      	Result=10000000 	200		
562	Blazegraph	COUNTED	  14990	      	Result=10000000 	200		
563	Blazegraph	COUNTED	     37	      	Result=2500 	200		
564	Blazegraph	COUNTED	     36	      	Result=0 	200		
565	Blazegraph	COUNTED	  14747	      	Result=10000000 	200		
566	Blazegraph	COUNTED	  13153	      	Result=10000000 	200		
567	Blazegraph	COUNTED	     73	      	Result=823 	200		
568	Blazegraph	COUNTED	     46	      	Result=1919 	200		
569	Blazegraph	COUNTED	    285	      	Result=165373 	200		
570	Blazegraph	COUNTED	  15027	      	Result=10000000 	200		
571	Blazegraph	COUNTED	     49	      	Result=0 	200		
572	Blazegraph	COUNTED	   1379	      	Result=95 	200		
573	Blazegraph	COUNTED	     26	      	Result=196 	200		
574	Blazegraph	COUNTED	   1050	      	Result=417088 	200		
575	Blazegraph	COUNTED	  13656	      	Result=10000000 	200		
576	Blazegraph	COUNTED	  14960	      	Result=10000000 	200		
577	Blazegraph	COUNTED	     57	      	Result=0 	200		
578	Blazegraph	COUNTED	     53	      	Result=1444 	200		
579	Blazegraph	COUNTED	    746	      	Result=69458 	200		
580	Blazegraph	COUNTED	  16956	      	Result=10000000 	200		
581	Blazegraph	COUNTED	  13232	      	Result=10000000 	200		
582	Blazegraph	COUNTED	   1307	      	Result=2 	200		
583	Blazegraph	COUNTED	  14805	      	Result=10000000 	200		
584	Blazegraph	COUNTED	     76	      	Result=1994 	200		
585	Blazegraph	COUNTED	   3093	      	Result=1681986 	200		
586	Blazegraph	COUNTED	  16179	      	Result=10000000 	200		
587	Blazegraph	COUNTED	     38	      	Result=258 	200		
588	Blazegraph	COUNTED	     41	      	Result=2120 	200		
589	Blazegraph	COUNTED	     36	      	Result=81 	200		
590	Blazegraph	COUNTED	     24	      	Result=22 	200		
591	Blazegraph	COUNTED	     30	      	Result=0 	200		
592	Blazegraph	COUNTED	     37	      	Result=0 	200		
593	Blazegraph	COUNTED	   3916	      	Result=504091 	200		
594	Blazegraph	COUNTED	  14818	      	Result=10000000 	200		
595	Blazegraph	COUNTED	  31099	      	Result=6557898 	200		
596	Blazegraph	COUNTED	  18017	      	Result=3229352 	200		
597	Blazegraph	COUNTED	  15695	      	Result=3389488 	200		
598	Blazegraph	COUNTED	  14102	      	Result=1395603 	200		
599	Blazegraph	COUNTED	  24764	      	Result=5225046 	200		
600	Blazegraph	COUNTED	  36858	      	Result=6233134 	200		
601	Blazegraph	COUNTED	  27865	      	Result=4806882 	200		
602	Blazegraph	COUNTED	  17925	      	Result=10000000 	200		
603	Blazegraph	COUNTED	   2159	      	Result=490141 	200		
604	Blazegraph	COUNTED	 600025	      	None 	500	ERROR java.util.concurrent.TimeoutException	
605	Blazegraph	COUNTED	  31222	      	Result=10000000 	200		
606	Blazegraph	COUNTED	  12992	      	Result=10000000 	200		
607	Blazegraph	COUNTED	  12913	      	Result=10000000 	200		
608	Blazegraph	COUNTED	  12760	      	Result=10000000 	200		
609	Blazegraph	COUNTED	  17195	      	Result=10000000 	200		
610	Blazegraph	COUNTED	  13272	      	Result=10000000 	200		
611	Blazegraph	COUNTED	  13133	      	Result=10000000 	200		
612	Blazegraph	COUNTED	  12530	      	Result=10000000 	200		
613	Blazegraph	COUNTED	  18968	      	Result=10000000 	200		
614	Blazegraph	COUNTED	  71132	      	Result=10000000 	200		
615	Blazegraph	COUNTED	  15767	      	Result=10000000 	200		
616	Blazegraph	COUNTED	  18113	      	Result=10000000 	200		
617	Blazegraph	COUNTED	  16762	      	Result=10000000 	200		
618	Blazegraph	COUNTED	  22860	      	Result=10000000 	200		
619	Blazegraph	COUNTED	     32	      	Result=214 	200		
620	Blazegraph	COUNTED	  15168	      	Result=10000000 	200		
621	Blazegraph	COUNTED	  13035	      	Result=10000000 	200		
622	Blazegraph	COUNTED	    133	      	Result=6388 	200		
623	Blazegraph	COUNTED	  15048	      	Result=10000000 	200		
624	Blazegraph	COUNTED	  13387	      	Result=10000000 	200		
625	Blazegraph	COUNTED	  13258	      	Result=10000000 	200		
626	Blazegraph	COUNTED	    121	      	Result=9432 	200		
627	Blazegraph	COUNTED	     25	      	Result=0 	200		
628	Blazegraph	COUNTED	     26	      	Result=52 	200		
629	Blazegraph	COUNTED	  33439	      	Result=10000000 	200		
630	Blazegraph	COUNTED	     80	      	Result=10306 	200		
631	Blazegraph	COUNTED	  16276	      	Result=4073801 	200		
632	Blazegraph	COUNTED	  40802	      	Result=10000000 	200		
633	Blazegraph	COUNTED	  45696	      	Result=10000000 	200		
634	Blazegraph	COUNTED	     49	      	Result=498 	200		
635	Blazegraph	COUNTED	  22979	      	Result=10000000 	200		
636	Blazegraph	COUNTED	  13924	      	Result=10000000 	200		
637	Blazegraph	COUNTED	  69570	      	Result=10000000 	200		
638	Blazegraph	COUNTED	  16824	      	Result=10000000 	200		
639	Blazegraph	COUNTED	  23837	      	Result=10000000 	200		
640	Blazegraph	COUNTED	  14557	      	Result=10000000 	200		
641	Blazegraph	COUNTED	  17849	      	Result=10000000 	200		
642	Blazegraph	COUNTED	  16619	      	Result=10000000 	200		
643	Blazegraph	COUNTED	  14763	      	Result=10000000 	200		
644	Blazegraph	COUNTED	  13041	      	Result=10000000 	200		
645	Blazegraph	COUNTED	  15732	      	Result=10000000 	200		
646	Blazegraph	COUNTED	 158880	      	Result=35 	200		
647	Blazegraph	COUNTED	   6541	      	None 	500	ERROR java.util.concurrent.ExecutionException: java.util.concurrent.ExecutionException: org.openrdf.query.QueryEvaluationException: java.lang.RuntimeException: java.util.concurrent.ExecutionException: java.lang.Exception: task=ChunkTask{query=62caef85-ef5a-43c6-8c3b-56e7599fb696,bopId=16,partitionId=-1,sinkId=17,altSinkId=null}, cause=java.util.concurrent.ExecutionException: com.bigdata.rwstore.sector.MemoryManagerOutOfMemory	
648	Blazegraph	COUNTED	  20059	      	Result=10000000 	200		
649	Blazegraph	COUNTED	     41	      	Result=0 	200		
650	Blazegraph	COUNTED	     35	      	Result=0 	200		
651	Blazegraph	COUNTED	  19933	      	Result=10000000 	200		
652	Blazegraph	COUNTED	  18334	      	Result=10000000 	200		
653	Blazegraph	COUNTED	  15334	      	Result=10000000 	200		
654	Blazegraph	COUNTED	  15008	      	Result=10000000 	200		
655	Blazegraph	COUNTED	  14645	      	Result=10000000 	200		
656	Blazegraph	COUNTED	   3486	      	Result=150 	200		
657	Blazegraph	COUNTED	  16605	      	Result=10000000 	200		
658	Blazegraph	COUNTED	     36	      	Result=2 	200		
659	Blazegraph	COUNTED	  51872	      	Result=10000000 	200		
660	Blazegraph	COUNTED	  15792	      	Result=10000000 	200		
661	Blazegraph	COUNTED	  15354	      	Result=10000000 	200		
662	Blazegraph	COUNTED	  16663	      	Result=3234124 	200		
663	Blazegraph	COUNTED	  15396	      	Result=10000000 	200		
664	Blazegraph	COUNTED	  19634	      	Result=10000000 	200		
665	Blazegraph	COUNTED	    454	      	Result=78630 	200		
666	Blazegraph	COUNTED	     32	      	Result=70 	200		
667	Blazegraph	COUNTED	  25667	      	Result=4821852 	200		
668	Blazegraph	COUNTED	  19611	      	Result=10000000 	200		
669	Blazegraph	COUNTED	  14729	      	Result=10000000 	200		
670	Blazegraph	COUNTED	  24808	      	Result=10000000 	200		
671	Blazegraph	COUNTED	  22083	      	Result=10000000 	200		
672	Blazegraph	COUNTED	  23305	      	Result=10000000 	200		
673	Blazegraph	COUNTED	    130	      	Result=14 	200		
674	Blazegraph	COUNTED	     42	      	Result=5 	200		
675	Blazegraph	COUNTED	  16777	      	Result=10000000 	200		
676	Blazegraph	COUNTED	  32414	      	Result=128 	200		
677	Blazegraph	COUNTED	     91	      	Result=51 	200		
678	Blazegraph	COUNTED	  24019	      	Result=10000000 	200		
679	Blazegraph	COUNTED	 102885	      	Result=442 	200		
680	Blazegraph	COUNTED	     38	      	Result=11 	200		
681	Blazegraph	COUNTED	  17759	      	Result=10000000 	200		
