1	MLjson		      2	      	Count= 6 	200		
2	MLjson		      2	      	Count= 18 	200		
3	MLjson		      1	      	Count= 412 	200		
4	MLjson		      1	      	Count= 56 	200		
5	MLjson		      1	      	Count= 37 	200		
6	MLjson		      1	      	Count= 35 	200		
7	MLjson		      1	      	Count= 45 	200		
8	MLjson		      1	      	Count= 15 	200		
9	MLjson		      1	      	Count= 6 	200		
10	MLjson		      1	      	Count= 85 	200		
11	MLjson		   6445	      	Count= 10000000 	200		
12	MLjson		      2	      	Count= 5 	200		
13	MLjson		      1	      	Count= 6 	200		
14	MLjson		      1	      	Count= 6 	200		
15	MLjson		      1	      	Count= 6 	200		
16	MLjson		      1	      	Count= 6 	200		
17	MLjson		      1	      	Count= 6 	200		
18	MLjson		      1	      	Count= 6 	200		
19	MLjson		      1	      	Count= 6 	200		
20	MLjson		      1	      	Count= 6 	200		
21	MLjson		      1	      	Count= 5 	200		
22	MLjson		      1	      	Count= 5 	200		
23	MLjson		      1	      	Count= 5 	200		
24	MLjson		      1	      	Count= 72 	200		
25	MLjson		      1	      	Count= 7 	200		
26	MLjson		      1	      	Count= 8 	200		
27	MLjson		      1	      	Count= 4 	200		
28	MLjson		      1	      	Count= 5 	200		
29	MLjson		      1	      	Count= 5 	200		
30	MLjson		      1	      	Result=Q217230 	200		
31	MLjson		      1	      	Count= 6 	200		
32	MLjson		      1	      	Count= 4 	200		
33	MLjson		      1	      	Count= 5 	200		
34	MLjson		      1	      	Count= 17 	200		
35	MLjson		      1	      	Count= 14 	200		
36	MLjson		      1	      	Count= 6 	200		
37	MLjson		      1	      	Count= 6 	200		
38	MLjson		      1	      	Count= 51 	200		
39	MLjson		      1	      	Count= 5 	200		
40	MLjson		      1	      	Count= 6 	200		
41	MLjson		      1	      	Count= 5 	200		
42	MLjson		      1	      	Count= 5 	200		
43	MLjson		      1	      	Count= 5 	200		
44	MLjson		      1	      	Count= 5 	200		
45	MLjson		      1	      	Count= 5 	200		
46	MLjson		      1	      	Count= 5 	200		
47	MLjson		      1	      	Count= 5 	200		
48	MLjson		      1	      	Count= 15 	200		
49	MLjson		      1	      	Count= 5 	200		
50	MLjson		      1	      	Count= 5 	200		
51	MLjson		      1	      	Count= 5 	200		
52	MLjson		      1	      	Count= 5 	200		
53	MLjson		      3	      	Count= 5 	200		
54	MLjson		      1	      	Count= 5 	200		
55	MLjson		      1	      	Count= 5 	200		
56	MLjson		      1	      	Count= 5 	200		
57	MLjson		      1	      	Count= 5 	200		
58	MLjson		      1	      	Count= 449 	200		
59	MLjson		      1	      	Count= 55 	200		
60	MLjson		      1	      	Count= 36 	200		
61	MLjson		      1	      	Count= 34 	200		
62	MLjson		    721	      	Count= 377913 	200		
63	MLjson		     43	      	Count= 3 	200		
64	MLjson		      2	      	Count= 145 	200		
65	MLjson		      1	      	Count= 6 	200		
66	MLjson		      1	      	Count= 6 	200		
67	MLjson		    828	      	Count= 219891 	200		
68	MLjson		      2	      	Count= 4 	200		
69	MLjson		      2	      	Count= 4 	200		
70	MLjson		      1	      	Count= 4 	200		
71	MLjson		      1	      	Count= 4 	200		
72	MLjson		     45	      	Count= 39970 	200		
73	MLjson		      2	      	Count= 43 	200		
74	MLjson		      1	      	Count= 6 	200		
75	MLjson		      1	      	Count= 6 	200		
76	MLjson		      1	      	Count= 6 	200		
77	MLjson		      1	      	Count= 6 	200		
78	MLjson		      1	      	Count= 6 	200		
79	MLjson		      1	      	Count= 5 	200		
80	MLjson		      1	      	Count= 5 	200		
81	MLjson		      1	      	Count= 0 	200		
82	MLjson		      1	      	Count= 318 	200		
83	MLjson		      1	      	Count= 5 	200		
84	MLjson		      1	      	Count= 42 	200		
85	MLjson		      1	      	Count= 15 	200		
86	MLjson		      1	      	Count= 15 	200		
87	MLjson		      1	      	Count= 5 	200		
88	MLjson		      1	      	Count= 5 	200		
89	MLjson		      1	      	Count= 15 	200		
90	MLjson		      1	      	Count= 14 	200		
91	MLjson		      1	      	Count= 3 	200		
92	MLjson		      1	      	Count= 6 	200		
93	MLjson		      1	      	Count= 36 	200		
94	MLjson		      1	      	Count= 85 	200		
95	MLjson		      1	      	Count= 72 	200		
96	MLjson		      1	      	Count= 5 	200		
97	MLjson		   5734	      	Result=     	200		
98	MLjson		    131	      	Result=     	200		
99	MLjson		      1	      	Count= 4 	200		
100	MLjson		      1	      	Count= 32 	200		
101	MLjson		      1	      	Count= 20 	200		
102	MLjson		     46	      	Count= 38746 	200		
103	MLjson		      2	      	Count= 5 	200		
104	MLjson		    647	      	Count= 0 	200		
105	MLjson		   2514	      	Count= 0 	200		
106	MLjson		      2	      	Count= 318 	200		
107	MLjson		      1	      	Count= 5 	200		
108	MLjson		      1	      	Count= 51 	200		
109	MLjson		      1	      	Count= 5 	200		
110	MLjson		      1	      	Count= 3 	200		
111	MLjson		      1	      	Count= 6 	200		
112	MLjson		      1	      	Count= 5 	200		
113	MLjson		      1	      	Count= 5 	200		
114	MLjson		      1	      	None 	400	Operation `PathNegatedSet` not supported yet.	
115	MLjson		    148	      	Count= 43846 	200		
116	MLjson		   6286	      	Count= 2293121 	200		
117	MLjson		   5146	      	Count= 156 	200		
118	MLjson		   4411	      	Count= 0 	200		
119	MLjson		  31357	      	Count= 10000000 	200		
120	MLjson		  65506	      	Count= 10000000 	200		
121	MLjson		  15157	      	Count= 4125785 	200		
122	MLjson		   2820	      	Count= 0 	200		
123	MLjson		   3276	      	Count= 6 	200		
124	MLjson		  26538	      	Count= 10000000 	200		
125	MLjson		     51	      	Count= 36648 	200		
126	MLjson		  15716	      	Count= 10000000 	200		
127	MLjson		   1068	      	Count= 522901 	200		
128	MLjson		      7	      	Count= 375 	200		
129	MLjson		  96049	      	Count= 10000000 	200		
130	MLjson		    118	      	Count= 67000 	200		
131	MLjson		  15479	      	Count= 10000000 	200		
132	MLjson		  11848	      	Count= 4506220 	200		
133	MLjson		  13754	      	Count= 10000000 	200		
134	MLjson		  14708	      	Count= 10000000 	200		
135	MLjson		  59315	      	Count= 3317304 	200		
136	MLjson		   8144	      	Count= 10000000 	200		
137	MLjson		  35054	      	Count= 5143812 	200		
138	MLjson		    695	      	Count= 327354 	200		
139	MLjson		     46	      	Count= 37967 	200		
140	MLjson		   1461	      	Count= 1061276 	200		
141	MLjson		    228	      	Count= 163077 	200		
142	MLjson		   4612	      	Count= 178579 	200		
143	MLjson		     85	      	Count= 51262 	200		
144	MLjson		 245888	      	Count= 10000000 	200		
145	MLjson		     14	      	Count= 8648 	200		
146	MLjson		     63	      	Count= 52021 	200		
147	MLjson		     27	      	Count= 5859 	200		
148	MLjson		     65	      	Count= 23140 	200		
149	MLjson		     45	      	Count= 50817 	200		
150	MLjson		     43	      	Count= 51359 	200		
151	MLjson		  46315	      	Count= 2044799 	200		
152	MLjson		  13351	      	Count= 1092045 	200		
153	MLjson		  24001	      	Count= 10000000 	200		
154	MLjson		   1392	      	Count= 663202 	200		
155	MLjson		   1133	      	Count= 781567 	200		
156	MLjson		  12219	      	Count= 10000000 	200		
157	MLjson		   1802	      	Count= 173820 	200		
158	MLjson		      6	      	Count= 775 	200		
159	MLjson		      2	      	Count= 347 	200		
160	MLjson		     48	      	Count= 34912 	200		
161	MLjson		   1184	      	Count= 844363 	200		
162	MLjson		    522	      	Count= 418641 	200		
163	MLjson		     19	      	Count= 13282 	200		
164	MLjson		      3	      	Count= 5 	200		
165	MLjson		      1	      	Count= 18 	200		
166	MLjson		      6	      	Count= 2214 	200		
167	MLjson		      1	      	Count= 3 	200		
168	MLjson		   1963	      	Count= 1322986 	200		
169	MLjson		   6657	      	Count= 4202347 	200		
170	MLjson		    803	      	Count= 231867 	200		
171	MLjson		     71	      	Count= 50231 	200		
172	MLjson		      2	      	Count= 46 	200		
173	MLjson		      5	      	Count= 2330 	200		
174	MLjson		      9	      	Count= 5454 	200		
175	MLjson		      1	      	Count= 10 	200		
176	MLjson		      1	      	Count= 22 	200		
177	MLjson		      1	      	Result=Q77141 	200		
178	MLjson		      8	      	Count= 6442 	200		
179	MLjson		     41	      	Count= 21736 	200		
180	MLjson		      1	      	Count= 7 	200		
181	MLjson		     19	      	Count= 14171 	200		
182	MLjson		   1016	      	Count= 986383 	200		
183	MLjson		   3154	      	Count= 3013707 	200		
184	MLjson		   3283	      	Count= 3072630 	200		
185	MLjson		  10578	      	Count= 10000000 	200		
186	MLjson		  11759	      	Count= 10000000 	200		
187	MLjson		      2	      	Count= 34 	200		
188	MLjson		  17107	      	Count= 10000000 	200		
189	MLjson		    335	      	Count= 273705 	200		
190	MLjson		      5	      	Count= 754 	200		
191	MLjson		    288	      	Count= 335776 	200		
192	MLjson		     16	      	Count= 11944 	200		
193	MLjson		  12138	      	Count= 10000000 	200		
194	MLjson		   1282	      	Count= 9222 	200		
195	MLjson		  10422	      	Count= 10000000 	200		
196	MLjson		   3514	      	Count= 1343642 	200		
197	MLjson		  20404	      	Count= 10000000 	200		
198	MLjson		     12	      	Count= 8477 	200		
199	MLjson		      3	      	Result=Q16466010 	200		
200	MLjson		   7122	      	Count= 5901075 	200		
201	MLjson		 600285	      	None 	200	ERROR UNABLE TO DECIPHER OUTPUT {"head":{"vars":["x1"]},"results":{"bindings":[	
202	MLjson		  16960	      	Count= 10000000 	200		
203	MLjson		   4466	      	Count= 5872342 	200		
204	MLjson		      4	      	Count= 535 	200		
205	MLjson		  10657	      	Count= 10000000 	200		
206	MLjson		   2228	      	Count= 642968 	200		
207	MLjson		  12781	      	Count= 10000000 	200		
208	MLjson		 601085	      	None 	200	ERROR UNABLE TO DECIPHER OUTPUT {"head":{"vars":["x1"]},"results":{"bindings":[{"x1":{"type":"uri","value":"http://www.wikidata.org/entity/Q830"}},{"x1":{"type":"uri","value":"http://www.wikidata.org/entity/Q4767951"}},{"x1":{"type":"uri","value":"http://www.wikidata.org/entity/Q1068473"}}	
209	MLjson		     74	      	Count= 22114 	200		
210	MLjson		     30	      	Count= 1212 	200		
211	MLjson		  17653	      	Count= 877170 	200		
212	MLjson		  19005	      	Count= 10000000 	200		
213	MLjson		  15095	      	Count= 13687 	200		
214	MLjson		  11406	      	Count= 10000000 	200		
215	MLjson		   2617	      	Count= 1137598 	200		
216	MLjson		      7	      	Count= 294 	200		
217	MLjson		   3863	      	Count= 3198382 	200		
218	MLjson		    126	      	Count= 113515 	200		
219	MLjson		     66	      	Count= 63342 	200		
220	MLjson		    938	      	Count= 837653 	200		
221	MLjson		    172	      	Count= 221338 	200		
222	MLjson		      4	      	Count= 0 	200		
223	MLjson		    116	      	Count= 158423 	200		
224	MLjson		    997	      	Count= 1300873 	200		
225	MLjson		    570	      	Count= 763688 	200		
226	MLjson		    419	      	Count= 585524 	200		
227	MLjson		    136	      	Count= 184172 	200		
228	MLjson		   4637	      	Count= 6300167 	200		
229	MLjson		    430	      	Count= 601076 	200		
230	MLjson		     19	      	Count= 25041 	200		
231	MLjson		    738	      	Count= 944753 	200		
232	MLjson		  13561	      	Count= 10000000 	200		
233	MLjson		    181	      	Count= 252943 	200		
234	MLjson		    250	      	Count= 326821 	200		
235	MLjson		     18	      	Count= 15551 	200		
236	MLjson		      3	      	Count= 1960 	200		
237	MLjson		      4	      	Count= 2706 	200		
238	MLjson		      2	      	Count= 1098 	200		
239	MLjson		      4	      	Count= 1340 	200		
240	MLjson		     42	      	Count= 25629 	200		
241	MLjson		     60	      	Count= 54253 	200		
242	MLjson		    105	      	Count= 87054 	200		
243	MLjson		    159	      	Count= 147942 	200		
244	MLjson		      8	      	Count= 5658 	200		
245	MLjson		      5	      	Count= 3079 	200		
246	MLjson		    166	      	Count= 168205 	200		
247	MLjson		    141	      	Count= 128802 	200		
248	MLjson		     51	      	Count= 44327 	200		
249	MLjson		    966	      	Count= 843860 	200		
250	MLjson		    895	      	Count= 766745 	200		
251	MLjson		     17	      	Count= 11865 	200		
252	MLjson		      2	      	Count= 254 	200		
253	MLjson		   1324	      	Count= 1060912 	200		
254	MLjson		     60	      	Count= 53323 	200		
255	MLjson		     26	      	Count= 22184 	200		
256	MLjson		    400	      	Count= 336750 	200		
257	MLjson		    626	      	Count= 538984 	200		
258	MLjson		      2	      	Count= 332 	200		
259	MLjson		    485	      	Count= 445839 	200		
260	MLjson		     70	      	Count= 73482 	200		
261	MLjson		      3	      	Count= 1051 	200		
262	MLjson		      3	      	Count= 891 	200		
263	MLjson		      9	      	Count= 7792 	200		
264	MLjson		     26	      	Count= 21463 	200		
265	MLjson		    464	      	Count= 417530 	200		
266	MLjson		   1686	      	Count= 1322761 	200		
267	MLjson		      8	      	Count= 4656 	200		
268	MLjson		      1	      	Count= 85 	200		
269	MLjson		      3	      	Count= 1456 	200		
270	MLjson		      1	      	Count= 612 	200		
271	MLjson		      2	      	Count= 1577 	200		
272	MLjson		      2	      	Count= 884 	200		
273	MLjson		     20	      	Count= 22092 	200		
274	MLjson		     18	      	Count= 18940 	200		
275	MLjson		    418	      	Count= 373876 	200		
276	MLjson		    144	      	Count= 136835 	200		
277	MLjson		      2	      	Count= 4 	200		
278	MLjson		     20	      	Count= 16688 	200		
279	MLjson		     13	      	Count= 11753 	200		
280	MLjson		      4	      	Count= 1946 	200		
281	MLjson		     21	      	Count= 17072 	200		
282	MLjson		     36	      	Count= 35923 	200		
283	MLjson		     12	      	Count= 10151 	200		
284	MLjson		      3	      	Count= 1696 	200		
285	MLjson		     14	      	Count= 11553 	200		
286	MLjson		     33	      	Count= 31425 	200		
287	MLjson		      5	      	Count= 2739 	200		
288	MLjson		     43	      	Count= 44007 	200		
289	MLjson		      5	      	Count= 4011 	200		
290	MLjson		  16366	      	Count= 10000000 	200		
291	MLjson		     90	      	Count= 87053 	200		
292	MLjson		     16	      	Count= 16991 	200		
293	MLjson		     17	      	Count= 17804 	200		
294	MLjson		      7	      	Count= 5657 	200		
295	MLjson		     45	      	Count= 44326 	200		
296	MLjson		    970	      	Count= 843859 	200		
297	MLjson		      5	      	Count= 2554 	200		
298	MLjson		     13	      	Count= 13280 	200		
299	MLjson		     17	      	Count= 14163 	200		
300	MLjson		    136	      	Count= 139737 	200		
301	MLjson		     18	      	Count= 18076 	200		
302	MLjson		    137	      	Count= 138687 	200		
303	MLjson		      4	      	Count= 1723 	200		
304	MLjson		    423	      	Count= 380851 	200		
305	MLjson		     47	      	Count= 44006 	200		
306	MLjson		     72	      	Count= 69171 	200		
307	MLjson		 514716	      	Count= 108 	200		
308	MLjson		  25067	      	Count= 10000000 	200		
309	MLjson		     62	      	Count= 51291 	200		
310	MLjson		    180	      	Count= 160518 	200		
311	MLjson		   1567	      	Count= 1098088 	200		
312	MLjson		     88	      	Count= 76102 	200		
313	MLjson		    353	      	Count= 296368 	200		
314	MLjson		    479	      	Count= 328352 	200		
315	MLjson		    336	      	Count= 275454 	200		
316	MLjson		      5	      	Count= 2965 	200		
317	MLjson		  20435	      	Count= 10000000 	200		
318	MLjson		     34	      	Count= 13290 	200		
319	MLjson		  28168	      	Count= 9334235 	200		
320	MLjson		      3	      	Result=Q12078 	200		
321	MLjson		  32885	      	Count= 2945578 	200		
322	MLjson		  10798	      	Count= 640155 	200		
323	MLjson		      4	      	Count= 103 	200		
324	MLjson		      2	      	Count= 918 	200		
325	MLjson		   2329	      	Count= 1409550 	200		
326	MLjson		      3	      	Count= 116 	200		
327	MLjson		      3	      	Count= 353 	200		
328	MLjson		      6	      	Count= 864 	200		
329	MLjson		      3	      	Count= 387 	200		
330	MLjson		      1	      	Count= 120 	200		
331	MLjson		      6	      	Count= 1116 	200		
332	MLjson		      2	      	Count= 210 	200		
333	MLjson		      1	      	Count= 128 	200		
334	MLjson		    377	      	Count= 341869 	200		
335	MLjson		      6	      	Count= 608 	200		
336	MLjson		      3	      	Count= 449 	200		
337	MLjson		      2	      	Count= 276 	200		
338	MLjson		   3814	      	Count= 2293121 	200		
339	MLjson		   1660	      	Count= 1058685 	200		
340	MLjson		      3	      	Count= 258 	200		
341	MLjson		  28459	      	Count= 10000000 	200		
342	MLjson		     40	      	Count= 33390 	200		
343	MLjson		     16	      	Count= 14255 	200		
344	MLjson		      5	      	Count= 4072 	200		
345	MLjson		     38	      	Count= 35075 	200		
346	MLjson		   1368	      	Count= 1058684 	200		
347	MLjson		   5392	      	Count= 3885676 	200		
348	MLjson		      2	      	Count= 78 	200		
349	MLjson		   7863	      	Count= 3887159 	200		
350	MLjson		   1360	      	Count= 1156759 	200		
351	MLjson		   1696	      	Count= 1274800 	200		
352	MLjson		  30605	      	Count= 10000000 	200		
353	MLjson		   1116	      	Count= 1000157 	200		
354	MLjson		   1545	      	Count= 1274800 	200		
355	MLjson		    538	      	Count= 557469 	200		
356	MLjson		   8932	      	Count= 10000000 	200		
357	MLjson		   4715	      	Count= 2404778 	200		
358	MLjson		  37191	      	Count= 10000000 	200		
359	MLjson		     34	      	Count= 267 	200		
360	MLjson		     71	      	Count= 11842 	200		
361	MLjson		    109	      	Count= 24923 	200		
362	MLjson		     12	      	Count= 1997 	200		
363	MLjson		  10274	      	Count= 3554375 	200		
364	MLjson		  11719	      	Count= 2812246 	200		
365	MLjson		      6	      	Count= 55 	200		
366	MLjson		  19159	      	Count= 10000000 	200		
367	MLjson		      5	      	Count= 1043 	200		
368	MLjson		      7	      	Count= 3803 	200		
369	MLjson		    120	      	Count= 105058 	200		
370	MLjson		      9	      	Count= 4147 	200		
371	MLjson		     38	      	Count= 30933 	200		
372	MLjson		      2	      	Count= 347 	200		
373	MLjson		     13	      	Count= 9205 	200		
374	MLjson		      1	      	Count= 75 	200		
375	MLjson		      1	      	Count= 472 	200		
376	MLjson		      3	      	Count= 1614 	200		
377	MLjson		      2	      	Count= 8 	200		
378	MLjson		      1	      	Count= 60 	200		
379	MLjson		      1	      	Count= 371 	200		
380	MLjson		     26	      	Count= 21139 	200		
381	MLjson		      3	      	Count= 388 	200		
382	MLjson		      2	      	Count= 970 	200		
383	MLjson		      1	      	Count= 53 	200		
384	MLjson		      2	      	Count= 732 	200		
385	MLjson		      3	      	Count= 1302 	200		
386	MLjson		      1	      	Count= 391 	200		
387	MLjson		     22	      	Count= 18501 	200		
388	MLjson		     13	      	Count= 10331 	200		
389	MLjson		      7	      	Count= 5053 	200		
390	MLjson		      1	      	Count= 153 	200		
391	MLjson		      7	      	Count= 5192 	200		
392	MLjson		   5359	      	Count= 4146817 	200		
393	MLjson		    464	      	Count= 151 	200		
394	MLjson		    137	      	Count= 137516 	200		
395	MLjson		   5252	      	Count= 4090266 	200		
396	MLjson		      2	      	Count= 235 	200		
397	MLjson		     12	      	Count= 7502 	200		
398	MLjson		    460	      	Count= 2289 	200		
399	MLjson		     47	      	Count= 40009 	200		
400	MLjson		    172	      	Count= 167680 	200		
401	MLjson		      3	      	Count= 703 	200		
402	MLjson		      2	      	Count= 43 	200		
403	MLjson		     23	      	Count= 17330 	200		
404	MLjson		      5	      	Count= 2711 	200		
405	MLjson		   3745	      	Count= 4188243 	200		
406	MLjson		  14317	      	Count= 10000000 	200		
407	MLjson		      6	      	Count= 2912 	200		
408	MLjson		   3192	      	Count= 2522750 	200		
409	MLjson		     55	      	Count= 55246 	200		
410	MLjson		   2968	      	Count= 2373268 	200		
411	MLjson		   5376	      	Count= 4146816 	200		
412	MLjson		    471	      	Count= 2296 	200		
413	MLjson		   5152	      	Count= 4090265 	200		
414	MLjson		    462	      	Count= 715 	200		
415	MLjson		     49	      	Count= 40008 	200		
416	MLjson		      3	      	Count= 0 	200		
417	MLjson		      9	      	Count= 6903 	200		
418	MLjson		      3	      	Count= 1592 	200		
419	MLjson		 600003	      	None 	200	ERROR UNABLE TO DECIPHER OUTPUT {"head":{"vars":["x1"]},"results":{"bindings":[{"x1":{"type":"uri","value":"http://www.wikidata.org/entity/Q830"}},{"x1":{"type":"uri","value":"http://www.wikidata.org/entity/Q4767951"}},{"x1":{"type":"uri","value":"http://www.wikidata.org/entity/Q19278173"}}	
420	MLjson		  13839	      	Count= 10000000 	200		
421	MLjson		   3300	      	Count= 2370711 	200		
422	MLjson		  87386	      	Count= 10000000 	200		
423	MLjson		     48	      	Count= 34704 	200		
424	MLjson		    299	      	Count= 98339 	200		
425	MLjson		     50	      	Count= 50950 	200		
426	MLjson		     24	      	Count= 24395 	200		
427	MLjson		    391	      	Count= 374738 	200		
428	MLjson		   4691	      	Count= 3769976 	200		
429	MLjson		    424	      	Count= 368 	200		
430	MLjson		      9	      	Count= 5924 	200		
431	MLjson		      4	      	Result=Q22302160 	200		
432	MLjson		    160	      	Count= 165374 	200		
433	MLjson		      4	      	Count= 187 	200		
434	MLjson		     14	      	Count= 12669 	200		
435	MLjson		     89	      	Count= 45196 	200		
436	MLjson		     17	      	Count= 13680 	200		
437	MLjson		     17	      	Count= 15240 	200		
438	MLjson		     17	      	Count= 17544 	200		
439	MLjson		   8228	      	Count= 1492809 	200		
440	MLjson		     42	      	Count= 46004 	200		
441	MLjson		     12	      	Count= 9400 	200		
442	MLjson		      1	      	Count= 3 	200		
443	MLjson		  11210	      	Count= 10000000 	200		
444	MLjson		   1292	      	Count= 265 	200		
445	MLjson		    209	      	Count= 215869 	200		
446	MLjson		      4	      	Result=QQ3231690 	200		
447	MLjson		  16462	      	Count= 10000000 	200		
448	MLjson		    400	      	Count= 229195 	200		
449	MLjson		    702	      	Count= 614374 	200		
450	MLjson		  48944	      	Count= 10000000 	200		
451	MLjson		  18743	      	Count= 10000000 	200		
452	MLjson		    703	      	Count= 518481 	200		
453	MLjson		    613	      	Count= 688836 	200		
454	MLjson		    276	      	Count= 277258 	200		
455	MLjson		      5	      	Count= 797 	200		
456	MLjson		      8	      	Count= 5730 	200		
457	MLjson		     65	      	Count= 59871 	200		
458	MLjson		   3483	      	Count= 1159642 	200		
459	MLjson		   6994	      	Count= 1044978 	200		
460	MLjson		    372	      	Count= 132152 	200		
461	MLjson		    392	      	Count= 400087 	200		
462	MLjson		    163	      	Count= 150305 	200		
463	MLjson		    556	      	Count= 447897 	200		
464	MLjson		   8804	      	Count= 3349420 	200		
465	MLjson		     10	      	Count= 291 	200		
466	MLjson		     15	      	Count= 9097 	200		
467	MLjson		     69	      	Count= 77830 	200		
468	MLjson		     61	      	Count= 89634 	200		
469	MLjson		     21	      	Count= 25976 	200		
470	MLjson		     43	      	Count= 30873 	200		
471	MLjson		     22	      	Count= 28351 	200		
472	MLjson		   7695	      	Count= 10000000 	200		
473	MLjson		    730	      	Count= 599724 	200		
474	MLjson		      4	      	Count= 783 	200		
475	MLjson		    305	      	Count= 39399 	200		
476	MLjson		     13	      	Count= 7430 	200		
477	MLjson		   1058	      	Count= 523484 	200		
478	MLjson		      9	      	Count= 8938 	200		
479	MLjson		    163	      	Count= 217561 	200		
480	MLjson		   1963	      	Count= 1667005 	200		
481	MLjson		      4	      	Count= 0 	200		
482	MLjson		      6	      	Count= 2395 	200		
483	MLjson		   4728	      	Count= 3642485 	200		
484	MLjson		      2	      	Count= 34 	200		
485	MLjson		     43	      	Count= 33589 	200		
486	MLjson		   3173	      	Count= 4210761 	200		
487	MLjson		    999	      	Count= 1353761 	200		
488	MLjson		  16790	      	Count= 10000000 	200		
489	MLjson		     39	      	Count= 42820 	200		
490	MLjson		    316	      	Count= 407895 	200		
491	MLjson		   7779	      	Count= 8144245 	200		
492	MLjson		     46	      	Count= 64882 	200		
493	MLjson		     19	      	Count= 24565 	200		
494	MLjson		      3	      	Count= 0 	200		
495	MLjson		     17	      	Count= 6752 	200		
496	MLjson		     11	      	Count= 14231 	200		
497	MLjson		      2	      	Count= 504 	200		
498	MLjson		      5	      	Count= 8453 	200		
499	MLjson		      1	      	Count= 842 	200		
500	MLjson		   2746	      	Count= 240418 	200		
501	MLjson		     22	      	Count= 32330 	200		
502	MLjson		   6424	      	Count= 10000000 	200		
503	MLjson		     96	      	Count= 139386 	200		
504	MLjson		    209	      	Count= 203520 	200		
505	MLjson		      9	      	Count= 13381 	200		
506	MLjson		      5	      	Count= 5546 	200		
507	MLjson		     44	      	Count= 15786 	200		
508	MLjson		    489	      	Count= 433779 	200		
509	MLjson		      5	      	Count= 25 	200		
510	MLjson		    555	      	Count= 18865 	200		
511	MLjson		      2	      	Count= 0 	200		
512	MLjson		     88	      	Count= 21810 	200		
513	MLjson		    368	      	Count= 486372 	200		
514	MLjson		   5966	      	Count= 7834281 	200		
515	MLjson		   8415	      	Count= 10000000 	200		
516	MLjson		     94	      	Count= 119890 	200		
517	MLjson		    252	      	Count= 335545 	200		
518	MLjson		     32	      	Count= 31970 	200		
519	MLjson		    163	      	Count= 217484 	200		
520	MLjson		   6566	      	Count= 10000000 	200		
521	MLjson		   1327	      	Count= 1356648 	200		
522	MLjson		   7547	      	Count= 10000000 	200		
523	MLjson		    449	      	Count= 593625 	200		
524	MLjson		      6	      	Count= 2467 	200		
525	MLjson		      2	      	Count= 9 	200		
526	MLjson		      7	      	Count= 13485 	200		
527	MLjson		      1	      	Count= 46 	200		
528	MLjson		      7	      	Count= 5604 	200		
529	MLjson		      1	      	Count= 43 	200		
530	MLjson		      1	      	Count= 0 	200		
531	MLjson		      4	      	Count= 3965 	200		
532	MLjson		    492	      	Count= 540113 	200		
533	MLjson		      4	      	Count= 483 	200		
534	MLjson		      2	      	Count= 415 	200		
535	MLjson		   1839	      	Count= 988239 	200		
536	MLjson		     68	      	Count= 95490 	200		
537	MLjson		  10728	      	Count= 10000000 	200		
538	MLjson		    607	      	Count= 836927 	200		
539	MLjson		     19	      	Count= 25877 	200		
540	MLjson		   8421	      	Count= 10000000 	200		
541	MLjson		    714	      	Count= 985955 	200		
542	MLjson		      9	      	Count= 11018 	200		
543	MLjson		      3	      	Count= 268 	200		
544	MLjson		      3	      	Count= 2245 	200		
545	MLjson		   7913	      	Count= 10000000 	200		
546	MLjson		     28	      	Count= 38360 	200		
547	MLjson		    859	      	Count= 1215614 	200		
548	MLjson		     17	      	Count= 21527 	200		
549	MLjson		     39	      	Count= 57173 	200		
550	MLjson		    372	      	Count= 511978 	200		
551	MLjson		   2238	      	Count= 2567878 	200		
552	MLjson		   4432	      	Count= 4855616 	200		
553	MLjson		    590	      	Count= 299718 	200		
554	MLjson		    489	      	Count= 664464 	200		
555	MLjson		     27	      	Count= 46001 	200		
556	MLjson		   2125	      	Count= 2951005 	200		
557	MLjson		   7681	      	Count= 10000000 	200		
558	MLjson		    369	      	Count= 485263 	200		
559	MLjson		      2	      	Count= 128 	200		
560	MLjson		     23	      	Count= 36648 	200		
561	MLjson		    947	      	Count= 1356624 	200		
562	MLjson		    994	      	Count= 1405148 	200		
563	MLjson		    345	      	Count= 90774 	200		
564	MLjson		      6	      	Count= 4412 	200		
565	MLjson		   2103	      	Count= 2930285 	200		
566	MLjson		     28	      	Count= 36416 	200		
567	MLjson		      2	      	Count= 33 	200		
568	MLjson		     55	      	Count= 75464 	200		
569	MLjson		   7070	      	Count= 10000000 	200		
570	MLjson		   7799	      	Count= 10000000 	200		
571	MLjson		      3	      	Count= 671 	200		
572	MLjson		     12	      	Count= 13363 	200		
573	MLjson		   7513	      	Count= 8496643 	200		
574	MLjson		    100	      	Count= 146011 	200		
575	MLjson		      2	      	Count= 0 	200		
576	MLjson		      3	      	Count= 105 	200		
577	MLjson		      5	      	Count= 6006 	200		
578	MLjson		   7285	      	Count= 10000000 	200		
579	MLjson		    332	      	Count= 284777 	200		
580	MLjson		    512	      	Count= 720192 	200		
581	MLjson		   2464	      	Count= 1174103 	200		
582	MLjson		   4837	      	Count= 6303536 	200		
583	MLjson		     37	      	Count= 53496 	200		
584	MLjson		   6340	      	Count= 7908607 	200		
585	MLjson		   5247	      	Count= 6905195 	200		
586	MLjson		   1006	      	Count= 944235 	200		
587	MLjson		     19	      	Count= 22021 	200		
588	MLjson		    810	      	Count= 1088751 	200		
589	MLjson		   5607	      	Count= 4955164 	200		
590	MLjson		    195	      	Count= 270119 	200		
591	MLjson		    390	      	Count= 522901 	200		
592	MLjson		    527	      	Count= 684834 	200		
593	MLjson		     84	      	Count= 111628 	200		
594	MLjson		      2	      	Count= 122 	200		
595	MLjson		    122	      	Count= 186440 	200		
596	MLjson		     36	      	Count= 44847 	200		
597	MLjson		     56	      	Count= 65758 	200		
598	MLjson		    248	      	Count= 185935 	200		
599	MLjson		      4	      	Count= 1776 	200		
600	MLjson		      1	      	Count= 0 	200		
601	MLjson		  13952	      	Count= 10000000 	200		
602	MLjson		   2596	      	Count= 3342463 	200		
603	MLjson		    103	      	Count= 130513 	200		
604	MLjson		     41	      	Count= 20009 	200		
605	MLjson		   5238	      	Count= 6900039 	200		
606	MLjson		  13542	      	Count= 10000000 	200		
607	MLjson		      5	      	Count= 4099 	200		
608	MLjson		   7209	      	Count= 10000000 	200		
609	MLjson		   5250	      	Count= 3770032 	200		
610	MLjson		     77	      	Count= 96746 	200		
611	MLjson		      6	      	Count= 4677 	200		
612	MLjson		    212	      	Count= 292165 	200		
613	MLjson		    175	      	Count= 207939 	200		
614	MLjson		      4	      	Count= 3386 	200		
615	MLjson		      2	      	Count= 0 	200		
616	MLjson		     14	      	Count= 18989 	200		
617	MLjson		    331	      	Count= 421172 	200		
618	MLjson		     16	      	Count= 23057 	200		
619	MLjson		    376	      	Count= 474663 	200		
620	MLjson		     27	      	Count= 32429 	200		
621	MLjson		  11989	      	Count= 10000000 	200		
622	MLjson		  12362	      	Count= 10000000 	200		
623	MLjson		  13845	      	Count= 10000000 	200		
624	MLjson		    945	      	Count= 559231 	200		
625	MLjson		     28	      	Count= 31719 	200		
626	MLjson		  10822	      	Count= 10000000 	200		
627	MLjson		     37	      	Count= 42865 	200		
628	MLjson		      2	      	Count= 97 	200		
629	MLjson		      1	      	Count= 53 	200		
630	MLjson		  21160	      	Count= 10000000 	200		
631	MLjson		     17	      	Count= 248 	200		
632	MLjson		      1	      	Count= 35 	200		
633	MLjson		  34847	      	Count= 10000000 	200		
634	MLjson		      4	      	Count= 63 	200		
635	MLjson		  23119	      	Count= 10000000 	200		
636	MLjson		     28	      	Count= 21785 	200		
637	MLjson		      2	      	Count= 9 	200		
638	MLjson		     13	      	Count= 6309 	200		
639	MLjson		      3	      	Count= 164 	200		
640	MLjson		     48	      	Count= 39970 	200		
641	MLjson		      4	      	Count= 1427 	200		
642	MLjson		     43	      	Count= 38746 	200		
643	MLjson		     44	      	Count= 39969 	200		
644	MLjson		     43	      	Count= 38745 	200		
645	MLjson		 600592	      	None 	200	ERROR UNABLE TO DECIPHER OUTPUT {"head":{"vars":["x1"]},"results":{"bindings":[{"x1":{"type":"uri","value":"http://www.wikidata.org/entity/Q76299450"}},{"x1":{"type":"uri","value":"http://www.wikidata.org/entity/Q1132071"}},{"x1":{"type":"uri","value":"http://www.wikidata.org/entity/Q61314159"}},{"x1":{"type":"uri","value":"http:/	
646	MLjson		   2605	      	Count= 1137598 	200		
647	MLjson		  61599	      	Count= 10000000 	200		
648	MLjson		  12208	      	Count= 1492725 	200		
649	MLjson		     80	      	Count= 71474 	200		
650	MLjson		   2086	      	Count= 224744 	200		
651	MLjson		     40	      	Count= 243 	200		
652	MLjson		   1102	      	Count= 742749 	200		
653	MLjson		 129369	      	Count= 10000000 	200		
654	MLjson		  13835	      	Count= 3887001 	200		
655	MLjson		   6339	      	Count= 3899090 	200		
656	MLjson		     93	      	Count= 39944 	200		
657	MLjson		     87	      	Count= 38678 	200		
658	MLjson		     90	      	Count= 39944 	200		
659	MLjson		     88	      	Count= 38678 	200		
660	MLjson		  20952	      	Count= 10000000 	200		
